id|invoice|customer|items_json|subtotal|tax|total|payment|date
I531289|INV-797062|Ayush|[{"id":"P1003","qty":1}]|10.000000|0.500000|10.500000|UPI|2026-09-11 22:19:09
I791907|INV-241314|Ayush|[{"id":"P1003","qty":1}]|10.000000|0.500000|10.500000|UPI|2026-09-11 22:19:17
I515765|INV-120112|vaidehi|[{"id":"P291391","qty":2}]|20.000000|2.200000|22.200000|Cash|2026-09-12 11:05:55
I672389|INV-699842|vaidehi|[{"id":"P291391","qty":2}]|20.000000|2.200000|22.200000|Cash|2026-09-12 11:05:59
I541120|INV-355180|vaidehi|[{"id":"P291391","qty":2}]|20.000000|2.200000|22.200000|Cash|2026-09-12 11:06:02
I726519|INV-328154|vaidehi|[{"id":"P291391","qty":2}]|20.000000|2.200000|22.200000|Cash|2026-09-12 11:06:03
I210391|INV-771041|vaidehi|[{"id":"P291391","qty":2}]|20.000000|2.200000|22.200000|Cash|2026-09-12 11:06:04
I951090|INV-277771|vaidehi|[{"id":"P291391","qty":2}]|20.000000|2.200000|22.200000|Cash|2026-09-12 11:06:07
I946281|INV-977310|vaidehi|[{"id":"P291391","qty":2}]|20.000000|2.200000|22.200000|Cash|2026-09-12 11:06:07
